# W7-CHECK windows_full_safe: the live R5-A table (dblr1w) moved toward windows_full_mu950 ONLY where the move is robust vs live: sells > 1,030 T/nat x HI, buys < 1,030 x LO (value HI/LO 1.15/0.85, late phase 1.40/0.90, early phase 1.25/0.85), I12_B_GUARD modelled (div t=347 dB +2 buy unwound). Drops mu950's 40 unwinds of R5-A's measured late buys (910 T/nat).
# + merged: mul t 1..307 dB -1 on 307 cells: model dT -491.5 T, dlam +0.5285 nat (phase)
# leg t esw proxy pw pi dB dF dX
div 1 259 2 258 1 0 0 -1
div 2 259 2 258 1 0 0 -1
div 3 259 2 258 1 0 0 -1
div 4 259 2 258 1 0 0 -1
div 5 259 2 258 1 0 0 -1
div 6 259 2 258 1 0 0 -1
div 7 259 2 258 1 0 0 -1
div 8 259 2 258 1 0 0 -1
div 9 259 2 258 1 0 0 -1
div 10 259 2 258 1 0 0 -1
div 11 259 2 258 1 0 0 -1
div 12 259 2 258 1 0 0 -1
div 13 258 2 258 1 0 0 -1
div 14 257 20 257 1 0 0 -1
div 15 257 20 257 1 0 0 -1
div 16 256 25 256 1 0 0 -1
div 17 255 28 255 1 0 0 -1
div 18 255 28 255 1 0 0 -1
div 19 254 32 254 1 0 0 -1
div 20 254 32 254 1 0 0 -1
div 21 254 32 254 1 0 0 -1
div 22 253 36 253 1 0 0 -1
div 23 252 38 252 1 0 0 -1
div 24 252 38 252 1 0 0 -1
div 25 251 42 251 1 0 0 -1
div 26 251 42 251 1 0 0 -1
div 27 250 45 250 1 0 0 -1
div 28 249 50 249 1 0 0 -1
div 29 249 50 249 1 0 0 -1
div 30 248 52 248 1 0 0 -1
div 31 247 56 247 1 0 0 -1
div 32 247 56 247 1 0 0 -1
div 33 246 59 246 1 0 0 -1
div 34 245 61 245 1 0 0 -1
div 35 245 61 245 1 0 0 -1
div 36 244 65 244 1 0 0 -1
div 37 243 68 243 1 0 0 -1
div 38 243 68 243 1 0 0 -1
div 39 242 71 242 1 0 0 -1
div 40 241 74 241 1 0 0 -1
div 41 241 74 241 1 0 0 -1
div 42 240 77 240 1 0 0 -1
div 43 239 80 239 1 0 0 -1
div 44 239 80 239 1 0 0 -1
div 45 238 84 238 1 0 0 -1
div 46 237 87 237 1 0 0 -1
div 47 237 87 237 1 0 0 -1
div 48 236 89 236 1 0 0 -1
div 49 236 89 236 1 0 0 -1
div 50 235 93 235 1 0 0 -1
div 51 234 95 234 1 0 0 -1
div 52 234 95 234 1 0 0 -1
div 53 233 98 233 1 0 0 -1
div 54 232 100 232 1 0 0 -1
div 55 232 100 232 1 0 0 -1
div 56 231 104 231 1 0 0 -1
div 57 230 108 230 1 0 0 -1
div 58 230 108 230 1 0 0 -1
div 59 229 110 229 1 0 0 -1
div 60 228 113 228 1 0 0 -1
div 61 228 113 228 1 0 0 -1
div 62 227 116 227 1 0 0 -1
div 63 226 119 226 1 0 0 -1
div 64 226 119 226 1 0 0 -1
div 65 225 121 225 1 0 0 -1
div 66 224 125 224 1 0 0 -1
div 67 224 125 224 1 0 0 -1
div 68 223 127 223 1 0 0 -1
div 69 223 127 223 1 0 0 -1
div 70 222 129 222 1 0 0 -1
div 71 221 132 221 1 0 0 -1
div 72 221 132 221 1 0 0 -1
div 73 220 135 220 1 0 0 -1
div 74 219 139 219 1 0 0 -1
div 75 219 139 219 1 0 0 -1
div 76 218 142 218 1 0 0 -1
div 77 217 144 217 1 0 0 -1
div 78 217 144 217 1 0 0 -1
div 79 216 147 216 1 0 0 -1
div 80 216 147 216 1 0 0 -1
div 81 215 150 215 1 0 0 -1
div 82 214 153 214 1 0 0 -1
div 83 214 153 214 1 0 0 -1
div 84 213 157 213 1 0 0 -1
div 85 212 159 212 1 0 0 -1
div 86 212 159 212 1 0 0 -1
div 87 211 161 211 1 0 0 -1
div 88 210 164 210 1 0 0 -1
div 89 210 164 210 1 0 0 -1
div 90 209 168 209 1 0 0 -1
div 91 208 171 208 1 0 0 -1
div 92 208 171 208 1 0 0 -1
div 93 207 173 207 1 0 0 -1
div 94 206 175 206 1 0 0 -1
div 95 206 175 206 1 0 0 -1
div 96 205 177 205 1 0 0 -1
div 97 204 180 204 1 0 0 -1
div 98 204 180 204 1 0 0 -1
div 99 203 182 203 1 0 0 -1
div 100 203 182 203 1 0 0 -1
div 101 202 186 202 1 0 0 -1
div 102 201 189 201 1 0 0 -1
div 103 201 189 201 1 0 0 -1
div 104 200 192 200 1 0 0 -1
div 105 199 196 199 1 0 0 -1
div 106 199 196 199 1 0 0 -1
div 107 198 198 198 1 0 0 -1
div 108 197 200 197 1 0 0 -1
div 109 197 200 197 1 0 0 -1
div 110 196 203 196 1 0 0 -1
div 111 195 205 195 1 0 0 -1
div 112 195 205 195 1 0 0 -1
div 113 194 207 194 1 0 0 -1
div 114 193 211 193 1 0 0 -1
div 115 193 211 193 1 0 0 -1
div 116 192 215 192 1 0 0 -1
div 117 191 217 191 1 0 0 -1
div 118 191 217 191 1 0 0 -1
div 119 190 220 190 1 0 0 -1
div 120 189 223 189 1 0 0 -1
div 121 189 223 189 1 0 0 -1
div 122 188 225 188 1 0 0 -1
div 123 187 228 187 1 0 0 -1
div 124 187 228 187 1 0 0 -1
div 125 186 230 186 1 0 0 -1
div 126 186 230 186 1 0 0 -1
div 127 185 233 185 1 0 0 -1
div 128 184 235 184 1 0 0 -1
div 129 184 235 184 1 0 0 -1
div 130 183 238 183 1 0 0 -1
div 346 37 616 37 0.9273 2 2 1
div 347 36 619 36 0.9111 0 0 1
div 348 35 623 35 0.8925 2 2 1
div 349 35 623 35 0.8713 2 2 1
div 350 34 625 34 0.8472 2 2 1
div 351 33 628 33 0.8205 2 2 1
div 352 33 628 33 0.7911 2 2 1
div 353 32 630 32 0.7592 2 2 0
div 354 31 632 31 0.7248 2 2 3
div 355 31 632 31 0.6881 2 2 3
div 356 30 634 30 0.6496 2 2 3
div 357 29 636 29 0.6097 2 2 3
div 358 29 636 29 0.5687 2 2 3
div 359 28 638 28 0.527 2 2 3
div 360 27 638 28 0.4851 1 1 3
div 361 26 642 27 0.4433 1 1 3
div 362 26 642 27 0.4024 1 1 3
div 363 25 644 26 0.3624 1 1 2
div 364 24 646 25 0.3241 1 1 2
div 365 24 646 25 0.2876 1 1 2
div 366 23 649 24 0.2534 2 2 2
div 367 22 651 23 0.2213 2 2 2
div 368 22 651 23 0.1917 2 2 1
div 369 21 653 22 0.1647 2 2 1
div 370 20 655 21 0.1404 2 2 1
div 371 20 655 21 0.1186 1 1 1
div 372 19 658 20 0.09945 1 1 1
div 373 18 661 19 0.08259 1 1 0
div 374 17 663 18 0.06811 1 1 0
div 376 16 666 17 0.045 0 0 -1
div 377 15 668 16 0.03613 0 0 -1
div 378 15 668 16 0.02869 -1 -1 -1
div 379 14 670 15 0.02261 -1 -1 -2
div 380 13 673 14 0.01764 -1 -1 -2
div 381 12 675 13 0.01366 -2 -2 -2
div 382 12 675 13 0.01049 -2 -2 -3
div 383 11 677 12 0.007967 -2 -2 -3
div 384 10 679 11 0.005994 -3 -3 -4
div 385 9 679 11 0.004488 -3 -3 -4
div 386 9 681 10 0.003329 -4 -4 -4
div 387 8 683 9 0.002441 -4 -4 -5
div 388 7 683 9 0.001779 -5 -5 -6
div 389 6 687 8 0.001288 -5 -5 -6
div 390 5 697 8 0.0009241 -6 -6 -7
div 391 4 697 8 0.0006501 -6 -6 -7
div 392 3 697 8 0.0004457 -7 -7 -7
mul 1 259 2 258 1 -1 0 -1
mul 2 259 2 258 1 -1 0 -1
mul 3 259 2 258 1 -1 0 -1
mul 4 259 2 258 1 -1 0 -1
mul 5 259 2 258 1 -1 0 -1
mul 6 259 2 258 1 -1 0 -1
mul 7 259 2 258 1 -1 0 -1
mul 8 259 2 258 1 -1 0 -1
mul 9 259 2 258 1 -1 0 -1
mul 10 259 2 258 1 -1 0 -1
mul 11 259 2 258 1 -1 0 -1
mul 12 259 2 258 1 -1 0 -1
mul 13 258 2 258 1 -1 0 -1
mul 14 257 20 257 1 -1 0 -1
mul 15 257 20 257 1 -1 0 -1
mul 16 256 25 256 1 -1 0 -1
mul 17 255 28 255 1 -1 0 -1
mul 18 255 28 255 1 -1 0 -1
mul 19 254 32 254 1 -1 0 -1
mul 20 254 32 254 1 -1 0 -1
mul 21 254 32 254 1 -1 0 -1
mul 22 253 36 253 1 -1 0 -1
mul 23 252 38 252 1 -1 0 -1
mul 24 252 38 252 1 -1 0 -1
mul 25 251 42 251 1 -1 0 -1
mul 26 251 42 251 1 -1 0 -1
mul 27 250 45 250 1 -1 0 -1
mul 28 249 50 249 1 -1 0 -1
mul 29 249 50 249 1 -1 0 -1
mul 30 248 52 248 1 -1 0 -1
mul 31 247 56 247 1 -1 0 -1
mul 32 247 56 247 1 -1 0 -1
mul 33 246 59 246 1 -1 0 -1
mul 34 245 61 245 1 -1 0 -1
mul 35 245 61 245 1 -1 0 -1
mul 36 244 65 244 1 -1 0 -1
mul 37 243 68 243 1 -1 0 -1
mul 38 243 68 243 1 -1 0 -1
mul 39 242 71 242 1 -1 0 -1
mul 40 242 74 241 1 -1 0 -1
mul 41 242 74 241 1 -1 0 -1
mul 42 241 77 240 1 -1 0 -1
mul 43 240 80 239 1 -1 0 -1
mul 44 240 80 239 1 -1 0 -1
mul 45 239 84 238 1 -1 0 -1
mul 46 238 87 237 1 -1 0 -1
mul 47 238 87 237 1 -1 0 -1
mul 48 237 89 236 1 -1 0 -1
mul 49 237 89 236 1 -1 0 -1
mul 50 236 93 235 1 -1 0 -1
mul 51 235 95 234 1 -1 0 -1
mul 52 235 95 234 1 -1 0 -1
mul 53 234 98 233 1 -1 0 -1
mul 54 233 100 232 1 -1 0 -1
mul 55 233 100 232 1 -1 0 -1
mul 56 232 104 231 1 -1 0 -1
mul 57 231 108 230 1 -1 0 -1
mul 58 230 108 230 1 -1 0 -1
mul 59 229 110 229 1 -1 0 -1
mul 60 228 113 228 1 -1 0 -1
mul 61 228 113 228 1 -1 0 -1
mul 62 227 116 227 1 -1 0 -1
mul 63 226 119 226 1 -1 0 -1
mul 64 226 119 226 1 -1 0 -1
mul 65 225 121 225 1 -1 0 -1
mul 66 224 125 224 1 -1 0 -1
mul 67 224 125 224 1 -1 0 -1
mul 68 223 127 223 1 -1 0 -1
mul 69 223 127 223 1 -1 0 -1
mul 70 222 129 222 1 -1 0 -1
mul 71 221 132 221 1 -1 0 -1
mul 72 221 132 221 1 -1 0 -1
mul 73 220 135 220 1 -1 0 -1
mul 74 219 139 219 1 -1 0 -1
mul 75 219 139 219 1 -1 0 -1
mul 76 218 142 218 1 -1 0 -1
mul 77 217 144 217 1 -1 0 -1
mul 78 217 144 217 1 -1 0 -1
mul 79 216 147 216 1 -1 0 -1
mul 80 216 147 216 1 -1 0 -1
mul 81 215 150 215 1 -1 0 -1
mul 82 214 153 214 1 -1 0 -1
mul 83 214 153 214 1 -1 0 -1
mul 84 213 157 213 1 -1 0 -1
mul 85 212 159 212 1 -1 0 -1
mul 86 212 159 212 1 -1 0 -1
mul 87 211 161 211 1 -1 0 -1
mul 88 210 164 210 1 -1 0 -1
mul 89 210 164 210 1 -1 0 -1
mul 90 209 168 209 1 -1 0 -1
mul 91 208 171 208 1 -1 0 -1
mul 92 208 171 208 1 -1 0 -1
mul 93 207 173 207 1 -1 0 -1
mul 94 206 175 206 1 -1 0 -1
mul 95 206 175 206 1 -1 0 -1
mul 96 205 177 205 1 -1 0 -1
mul 97 204 180 204 1 -1 0 -1
mul 98 204 180 204 1 -1 0 -1
mul 99 203 182 203 1 -1 0 -1
mul 100 203 182 203 1 -1 0 -1
mul 101 202 186 202 1 -1 0 -1
mul 102 201 189 201 1 -1 0 -1
mul 103 201 189 201 1 -1 0 -1
mul 104 200 192 200 1 -1 0 -1
mul 105 199 196 199 1 -1 0 -1
mul 106 199 196 199 1 -1 0 -1
mul 107 198 198 198 1 -1 0 -1
mul 108 197 200 197 1 -1 0 -1
mul 109 197 200 197 1 -1 0 -1
mul 110 196 203 196 1 -1 0 -1
mul 111 195 205 195 1 -1 0 -1
mul 112 195 205 195 1 -1 0 -1
mul 113 194 207 194 1 -1 0 -1
mul 114 193 211 193 1 -1 0 -1
mul 115 193 211 193 1 -1 0 -1
mul 116 192 215 192 1 -1 0 -1
mul 117 191 217 191 1 -1 0 -1
mul 118 191 217 191 1 -1 0 -1
mul 119 190 220 190 1 -1 0 -1
mul 120 189 223 189 1 -1 0 -1
mul 121 189 223 189 1 -1 0 -1
mul 122 188 225 188 1 -1 0 -1
mul 123 187 228 187 1 -1 0 -1
mul 124 187 228 187 1 -1 0 -1
mul 125 186 230 186 1 -1 0 -1
mul 126 186 230 186 1 -1 0 -1
mul 127 185 233 185 1 -1 0 -1
mul 128 184 235 184 1 -1 0 -1
mul 129 184 235 184 1 -1 0 -1
mul 130 183 238 183 1 -1 0 -1
mul 131 182 242 182 1 -1 0 0
mul 132 182 242 182 1 -1 0 0
mul 133 181 244 181 1 -1 0 0
mul 134 180 247 180 1 -1 0 0
mul 135 180 247 180 1 -1 0 0
mul 136 179 251 179 1 -1 0 0
mul 137 178 253 178 1 -1 0 0
mul 138 178 253 178 1 -1 0 0
mul 139 177 255 177 1 -1 0 0
mul 140 176 258 176 1 -1 0 0
mul 141 176 258 176 1 -1 0 0
mul 142 175 261 175 1 -1 0 0
mul 143 174 262 174 1 -1 0 0
mul 144 174 262 174 1 -1 0 0
mul 145 173 264 173 1 -1 0 0
mul 146 172 266 172 1 -1 0 0
mul 147 172 266 172 1 -1 0 0
mul 148 171 270 171 1 -1 0 0
mul 149 170 273 170 1 -1 0 0
mul 150 170 273 170 1 -1 0 0
mul 151 169 275 169 1 -1 0 0
mul 152 168 277 168 1 -1 0 0
mul 153 168 277 168 1 -1 0 0
mul 154 167 281 167 1 -1 0 0
mul 155 166 284 166 1 -1 0 0
mul 156 166 284 166 1 -1 0 0
mul 157 165 287 165 1 -1 0 0
mul 158 164 289 164 1 -1 0 0
mul 159 164 289 164 1 -1 0 0
mul 160 163 292 163 1 -1 0 0
mul 161 162 295 162 1 -1 0 0
mul 162 162 295 162 1 -1 0 0
mul 163 161 297 161 1 -1 0 0
mul 164 160 300 160 1 -1 0 0
mul 165 160 300 160 1 -1 0 0
mul 166 159 302 159 1 -1 0 0
mul 167 158 305 158 1 -1 0 0
mul 168 158 305 158 1 -1 0 0
mul 169 157 307 157 1 -1 0 0
mul 170 157 307 157 1 -1 0 0
mul 171 156 310 156 1 -1 0 0
mul 172 155 312 155 1 -1 0 0
mul 173 154 312 155 1 -1 0 0
mul 174 154 316 154 1 -1 0 0
mul 175 153 318 153 1 -1 0 0
mul 176 152 318 153 1 -1 0 0
mul 177 152 321 152 1 -1 0 0
mul 178 151 323 151 1 -1 0 0
mul 179 150 323 151 1 -1 0 0
mul 180 149 329 149 1 -1 0 0
mul 181 148 331 148 1 -1 0 0
mul 182 147 331 148 1 -1 0 0
mul 183 147 333 147 1 -1 0 0
mul 184 146 335 146 1 -1 0 0
mul 185 146 335 146 1 -1 0 0
mul 186 145 339 145 1 -1 0 0
mul 187 144 343 144 1 -1 0 0
mul 188 144 343 144 1 -1 0 0
mul 189 143 346 143 1 -1 0 0
mul 190 142 348 142 1 -1 0 0
mul 191 142 348 142 1 -1 0 0
mul 192 141 350 141 1 -1 0 0
mul 193 140 353 140 1 -1 0 0
mul 194 139 355 139 1 -1 0 0
mul 195 139 355 139 1 -1 0 0
mul 196 138 357 138 1 -1 0 0
mul 197 138 357 138 1 -1 0 0
mul 198 137 359 137 1 -1 0 0
mul 199 136 359 137 1 -1 0 0
mul 200 136 359 137 1 -1 0 0
mul 201 135 362 136 1 -1 0 0
mul 202 134 364 135 1 -1 0 0
mul 203 134 364 135 1 -1 0 0
mul 204 133 368 134 1 -1 0 0
mul 205 132 371 133 1 -1 0 0
mul 206 132 371 133 1 -1 0 0
mul 207 131 374 132 1 -1 0 0
mul 208 130 377 131 1 -1 0 0
mul 209 130 377 131 1 -1 0 0
mul 210 129 379 130 1 -1 0 0
mul 211 128 382 129 1 -1 0 0
mul 212 128 382 129 1 -1 0 0
mul 213 127 384 128 1 -1 0 0
mul 214 126 388 127 1 -1 0 0
mul 215 126 388 127 1 -1 0 0
mul 216 125 391 126 1 -1 0 0
mul 217 124 393 125 1 -1 0 0
mul 218 124 393 125 1 -1 0 0
mul 219 123 395 124 1 -1 0 0
mul 220 122 400 122 1 -1 0 0
mul 221 122 400 122 1 -1 0 0
mul 222 121 403 121 1 -1 0 0
mul 223 120 406 120 1 -1 0 0
mul 224 119 406 120 1 -1 0 0
mul 225 119 408 119 1 -1 0 0
mul 226 118 413 118 1 -1 0 0
mul 227 118 413 118 1 -1 0 0
mul 228 117 415 117 1 -1 0 0
mul 229 116 418 116 1 -1 0 0
mul 230 115 418 116 1 -1 0 0
mul 231 115 420 115 1 -1 0 0
mul 232 114 423 114 1 -1 0 0
mul 233 113 423 114 1 -1 0 0
mul 234 113 427 113 1 -1 0 0
mul 235 112 429 112 1 -1 0 0
mul 236 112 429 112 1 -1 0 0
mul 237 111 431 111 1 -1 0 0
mul 238 110 435 110 1 -1 0 0
mul 239 109 437 109 1 -1 0 0
mul 240 109 437 109 1 -1 0 0
mul 241 108 439 108 1 -1 0 0
mul 242 107 441 107 1 -1 0 0
mul 243 107 441 107 1 -1 0 0
mul 244 106 443 106 1 -1 0 0
mul 245 105 445 105 1 -1 0 0
mul 246 105 445 105 1 -1 0 0
mul 247 104 450 104 1 -1 0 0
mul 248 103 452 103 1 -1 0 0
mul 249 103 452 103 1 -1 0 0
mul 250 102 454 102 1 -1 0 0
mul 251 101 456 101 1 -1 0 0
mul 252 101 456 101 1 -1 0 0
mul 253 100 458 100 1 -1 0 0
mul 254 99 462 99 1 -1 0 0
mul 255 99 462 99 1 -1 0 0
mul 256 98 464 98 1 -1 0 0
mul 257 97 466 97 1 -1 0 0
mul 258 97 466 97 1 -1 0 0
mul 259 96 468 96 1 -1 0 0
mul 260 95 471 95 1 -1 0 0
mul 261 94 471 95 1 -1 0 0
mul 262 94 474 94 1 -1 0 0
mul 263 93 477 93 1 -1 0 0
mul 264 92 477 93 1 -1 0 0
mul 265 92 479 92 1 -1 0 0
mul 266 91 482 91 1 -1 0 0
mul 267 90 482 91 1 -1 0 0
mul 268 90 484 90 1 -1 0 0
mul 269 89 488 89 1 -1 0 0
mul 270 89 488 89 1 -1 0 0
mul 271 88 491 88 1 -1 0 0
mul 272 87 493 87 1 -1 0 0
mul 273 86 493 87 1 -1 0 0
mul 274 86 495 86 1 -1 0 0
mul 275 85 499 85 1 -1 0 0
mul 276 84 499 85 1 -1 0 0
mul 277 84 501 84 1 -1 0 0
mul 278 83 502 83 1 -1 0 0
mul 279 82 502 83 1 -1 0 0
mul 280 82 506 82 1 -1 0 0
mul 281 81 508 81 1 -1 0 0
mul 282 80 508 81 1 -1 0 0
mul 283 80 510 80 1 -1 0 0
mul 284 79 512 79 1 -1 0 0
mul 285 78 515 78 1 -1 0 0
mul 286 78 515 78 1 -1 0 0
mul 287 77 517 77 1 -1 0 0
mul 288 76 519 76 1 -1 0 0
mul 289 76 519 76 1 -1 0 0
mul 290 75 522 75 1 -1 0 0
mul 291 74 523 74 1 -1 0 0
mul 292 74 523 74 1 -1 0 0
mul 293 73 525 73 1 -1 0 0
mul 294 72 528 72 1 -1 0 0
mul 295 71 528 72 1 -1 0 0
mul 296 71 531 71 1 -1 0 0
mul 297 70 533 70 1 -1 0 0
mul 298 69 533 70 1 -1 0 0
mul 299 69 536 69 1 -1 0 0
mul 300 68 539 68 1 -1 0 0
mul 301 67 539 68 1 -1 0 0
mul 302 67 542 67 1 -1 0 0
mul 303 66 545 66 1 -1 0 0
mul 304 65 545 66 1 -1 0 0
mul 305 65 547 65 1 -1 0 0
mul 306 64 550 64 1 -1 0 0
mul 307 63 550 64 1 -1 0 0
mul 308 63 554 63 1 -1 0 0
mul 309 62 556 62 1 -1 0 0
mul 310 61 558 61 1 -1 0 0
mul 311 61 558 61 1 -1 0 0
mul 312 60 561 60 1 -1 0 0
mul 313 59 563 59 1 -1 0 0
mul 314 59 563 59 1 -1 0 0
mul 315 58 565 58 1 -1 0 0
mul 316 57 567 57 1 -1 0 0
mul 317 57 567 57 1 -1 0 0
mul 318 56 569 56 1 -1 0 0
mul 319 55 571 55 1 -1 0 0
mul 320 55 571 55 1 -1 0 0
mul 321 54 574 54 1 -1 0 0
mul 322 53 577 53 1 -1 0 0
mul 323 52 577 53 1 -1 0 0
mul 324 52 579 52 1 -1 0 0
mul 325 51 582 51 0.9999 -1 0 0
mul 326 50 584 50 0.9999 -1 0 0
mul 327 50 584 50 0.9998 -1 0 0
mul 328 49 588 49 0.9997 -1 0 0
mul 329 48 590 48 0.9996 -1 0 0
mul 330 48 590 48 0.9994 -1 0 0
mul 331 47 592 47 0.9991 -1 0 0
mul 332 46 595 46 0.9987 -1 0 0
mul 333 45 595 46 0.9981 -1 0 0
mul 334 45 598 45 0.9974 -1 0 0
mul 335 44 600 44 0.9963 -1 0 0
mul 336 43 600 44 0.9948 -1 0 0
mul 337 43 602 43 0.9928 -1 0 0
mul 338 42 605 42 0.9903 -1 0 0
mul 339 41 605 42 0.9869 -1 0 0
mul 340 41 607 41 0.9827 -1 0 0
mul 341 40 609 40 0.9774 -1 0 0
mul 342 39 609 40 0.9709 -1 0 0
mul 343 39 612 39 0.9628 -1 0 0
mul 344 38 614 38 0.953 -1 0 0
mul 345 37 614 38 0.9412 -1 0 0
mul 346 37 616 37 0.9273 2 2 0
mul 347 36 619 36 0.9111 2 2 0
mul 348 35 623 35 0.8925 2 2 0
mul 349 35 623 35 0.8713 2 2 0
mul 350 34 625 34 0.8472 2 2 0
mul 351 33 628 33 0.8205 2 2 0
mul 352 33 628 33 0.7911 2 2 0
mul 353 32 630 32 0.7592 2 2 0
mul 354 31 632 31 0.7248 2 2 3
mul 355 30 632 31 0.6881 2 2 3
mul 356 30 634 30 0.6496 2 2 3
mul 357 29 636 29 0.6097 2 2 3
mul 358 28 636 29 0.5687 2 2 2
mul 359 28 638 28 0.527 2 2 2
mul 360 27 638 28 0.4851 1 1 2
mul 361 26 642 27 0.4433 1 1 2
mul 362 26 642 27 0.4024 1 1 2
mul 363 25 644 26 0.3624 1 1 2
mul 364 24 646 25 0.3241 1 1 2
mul 365 23 646 25 0.2876 1 1 1
mul 366 23 649 24 0.2534 2 2 1
mul 367 22 651 23 0.2213 2 2 1
mul 368 21 651 23 0.1917 2 2 1
mul 369 21 653 22 0.1647 2 2 1
mul 370 20 655 21 0.1404 2 2 0
mul 371 19 655 21 0.1186 1 1 0
mul 372 19 658 20 0.09945 1 1 0
mul 373 18 661 19 0.08259 1 1 0
mul 374 17 663 18 0.06811 1 1 0
mul 375 16 663 18 0.05561 0 0 -1
mul 376 16 666 17 0.045 0 0 -1
mul 377 15 668 16 0.03613 0 0 -1
mul 378 14 668 16 0.02869 -1 -1 -2
mul 379 13 670 15 0.02261 -1 -1 -2
mul 380 13 673 14 0.01764 -1 -1 -2
mul 381 12 675 13 0.01366 -2 -2 -3
mul 382 11 675 13 0.01049 -2 -2 -3
mul 383 10 677 12 0.007967 -3 -3 -4
mul 384 10 679 11 0.005994 -3 -3 -4
mul 385 9 679 11 0.004488 -3 -3 -4
mul 386 8 681 10 0.003329 -4 -4 -5
mul 387 7 683 9 0.002441 -4 -4 -5
mul 388 6 683 9 0.001779 -5 -5 -6
mul 389 5 687 8 0.001288 -6 -6 -6
mul 390 4 697 8 0.0009241 -7 -7 -7
mul 391 3 697 8 0.0006501 -9 -9 -7
